Unnamed: 0.1,Unnamed: 0,Timestamp,Date,Caffeine Consumption,Vitamins?,Creatine?,Alcohol?,Bread?,Gym Motivation,Mood of the Day,Hours of Sleep,Healthy Eats,Location
0,0,,3/1/2024,1,1,1,1,1,:(,:),8,7,Atlanta
1,1,,3/2/2024,1,1,1,1,0,:(,:),9,6,Atlanta
2,2,,3/3/2024,1,1,1,0,1,:),:),8,8,Atlanta
3,3,,3/4/2024,1,1,1,0,0,:),:),9,7,Atlanta
4,4,,3/5/2024,1,1,1,0,0,:),:),9,9,Atlanta
5,5,,3/6/2024,1,1,1,0,0,:),:),9,9,Atlanta
6,6,,3/7/2024,1,1,1,1,0,:/,:),9,9,Atlanta
7,7,,3/8/2024,1,1,1,1,1,:),:),9,9,Atlanta
8,8,,3/9/2024,1,1,1,1,0,:),:),9,7,Atlanta
9,9,,3/10/2024,1,1,1,0,1,:),:),9,8,Atlanta
10,10,,3/11/2024,1,1,1,0,0,:),:),7,8,Atlanta
11,11,,3/12/2024,1,1,1,0,0,:),:),8,7,Atlanta
12,12,,3/13/2024,1,1,1,0,0,:),:),9,7,Atlanta
13,13,,3/14/2024,1,1,1,1,0,:),:),9,7,Atlanta
14,14,,3/15/2024,1,1,1,1,0,:),:/,9,9,Atlanta
15,15,,3/16/2024,1,1,1,0,0,No Gym,:),8,7,Miami
16,16,,3/17/2024,1,1,1,0,0,:),:),9,5,Miami
17,17,,3/18/2024,1,1,1,0,0,No Gym,:),9,8,Miami
18,18,,3/19/2024,1,1,1,0,0,No Gym,:),7,8,Atlanta
19,19,,3/20/2024,1,1,1,0,1,:),:),8,8,Atlanta
20,20,,3/21/2024,1,1,1,1,0,:),:),9,8,Atlanta
21,21,,3/22/2024,1,1,1,0,1,:/,:),8,5,Atlanta
22,22,,3/23/2024,1,1,1,1,1,:),:),9,8,Atlanta
23,23,,3/24/2024,1,1,1,0,0,:(,:/,9,8,Atlanta
24,24,,3/25/2024,1,1,1,0,0,:),:),9,9,Atlanta
25,25,,3/26/2024,1,1,1,0,0,:),:),9,9,Atlanta
26,26,,3/27/2024,1,1,1,1,0,:),:),9,8,Atlanta
27,27,,3/28/2024,1,1,1,1,0,:),:),7,8,Atlanta
28,28,,3/29/2024,1,1,1,1,1,:),:),7,9,Atlanta
29,29,,3/30/2024,1,1,1,1,1,No Gym,:/,7,7,Atlanta
30,30,,3/31/2024,1,1,1,1,0,:),:),9,8,Atlanta
31,31,,4/1/2024,1,1,1,0,0,:),:),9,9,Atlanta
32,32,,4/2/2024,1,1,1,0,0,:/,:),9,8,Atlanta
33,33,,4/3/2024,1,1,1,0,0,:),:),8,7,Atlanta
34,34,,4/4/2024,1,1,1,0,0,:),:),8,9,Atlanta
35,35,,4/5/2024,1,1,1,1,0,:),:),8,7,Atlanta
36,36,,4/6/2024,1,1,1,1,0,:),:),9,10,Atlanta
37,37,,4/7/2024,2,1,1,0,1,:),:),7,9,Atlanta
38,38,,4/8/2024,1,1,1,0,1,:),:),8,10,Atlanta
39,39,,4/9/2024,1,1,1,0,0,:),:),8,10,Atlanta
40,40,,4/10/2024,1,1,1,0,0,:),:),8,9,Atlanta
41,41,,4/11/2024,1,1,1,0,1,:/,:),8,9,Atlanta
42,42,,4/12/2024,1,1,1,1,0,:),:),9,9,Atlanta
43,43,,4/13/2024,1,1,1,0,1,No Gym,:/,8,7,Atlanta
44,44,,4/14/2024,1,1,1,0,0,:),:),9,10,Atlanta
45,45,,4/15/2024,1,1,1,0,0,:),:),7,10,Atlanta
46,46,,4/16/2024,1,1,1,0,0,:),:),8,10,Atlanta
47,47,,4/17/2024,1,1,1,0,0,:),:),8,9,Atlanta
48,48,,4/18/2024,1,1,1,0,0,:/,:),8,9,Miami
49,49,,4/19/2024,1,1,1,0,0,:),:),8,9,Miami
50,50,5/20/2024 23:13:16,4/20/2024,1,0,1,0,0,:/,:),8,8,California
51,51,,4/20/2024,1,1,1,1,0,:),:),8,7,Miami
52,52,,4/21/2024,1,1,1,0,0,:),:),8,7,Miami
53,53,5/23/2024 1:45:05,4/22/2024,1,0,1,0,0,:),:),8,9,California
54,54,,4/22/2024,1,0,1,0,0,No Gym,:),6,9,Miami
55,55,,4/23/2024,1,1,1,0,0,:),:),9,9,Miami
56,56,,4/24/2024,2,1,1,0,0,:),:),8,8,Miami
57,57,,4/25/2024,1,1,1,0,0,:/,:),7,7,Miami
58,58,,4/26/2024,1,1,1,0,0,:),:),9,9,Miami
59,59,,4/27/2024,2,1,1,0,0,No Gym,:/,6,8,Miami
60,60,,4/28/2024,1,1,1,0,0,:),:),9,10,Miami
61,61,,4/29/2024,1,0,0,0,0,:),:),8,9,Miami
62,62,,4/30/2024,1,1,1,0,0,:/,:/,8,10,Miami
63,63,,5/1/2024,1,1,1,0,0,No Gym,:/,7,8,Miami
64,64,,5/2/2024,2,1,1,0,0,:(,:),8,10,Miami
65,65,,5/3/2024,1,0,1,0,0,No Gym,:(,6,6,California
66,66,,5/4/2024,1,0,1,1,0,:),:),9,8,California
67,67,,5/5/2024,1,0,1,0,0,:),:),8,7,California
68,68,5/6/2024 10:41:45,5/6/2024,1,0,1,1,0,:),:),8,10,California
69,69,5/7/2024 23:01:33,5/7/2024,1,0,1,0,0,:),:),8,9,California
70,70,5/9/2024 0:37:12,5/8/2024,1,0,1,0,0,:),:),8,10,California
71,71,5/9/2024 23:10:24,5/9/2024,1,0,1,0,0,:),:),8,8,California
72,72,5/10/2024 23:24:30,5/10/2024,1,0,1,0,0,:/,:),8,7,California
73,73,5/12/2024 1:30:23,5/11/2024,1,0,1,0,0,No Gym,:),8,7,California
74,74,5/13/2024 0:59:43,5/12/2024,1,0,1,0,0,:),:),8,8,California
75,75,5/14/2024 0:36:52,5/13/2024,1,0,1,0,0,:),:),9,9,California
76,76,5/15/2024 0:48:18,5/14/2024,2,0,1,0,0,:),:),8,9,California
77,77,5/16/2024 1:21:29,5/15/2024,1,0,1,1,0,:),:),8,7,California
78,78,5/17/2024 1:15:43,5/16/2024,1,0,1,1,0,:),:),8,8,California
79,79,5/18/2024 1:36:26,5/17/2024,1,0,1,1,0,:),:),8,8,California
80,80,5/19/2024 1:27:16,5/18/2024,1,0,1,1,0,No Gym,:),8,8,California
81,81,5/19/2024 22:31:22,5/19/2024,1,0,1,0,0,No Gym,:),6,6,California
82,82,5/21/2024 23:07:07,5/21/2024,1,0,1,0,0,:),:),8,5,California
83,83,5/24/2024 1:32:22,5/23/2024,1,0,1,1,0,No Gym,:),9,7,California
84,84,5/24/2024 22:31:55,5/24/2024,0,0,0,0,0,:/,:/,6,5,Nicaragua
85,85,5/26/2024 0:34:08,5/25/2024,1,0,1,1,0,:),:),9,9,Nicaragua
86,86,5/28/2024 0:23:15,5/25/2024,2,1,1,0,0,:),:),8,10,Nicaragua
87,87,5/26/2025 7:28:44,5/25/2024,1,1,1,0,0,No Gym,:),9,7,Miami
88,88,5/27/2024 0:20:02,5/26/2024,1,0,1,1,0,:),:),9,9,Nicaragua
89,89,5/29/2024 0:42:57,5/28/2024,2,1,1,1,0,No Gym,:),8,8,Nicaragua
90,90,5/30/2024 1:10:53,5/29/2024,2,1,1,1,0,:),:),7,8,Nicaragua
91,91,5/31/2024 0:43:49,5/30/2024,1,1,1,0,0,:(,:/,8,8,Nicaragua
92,92,6/1/2024 0:58:36,5/31/2024,2,0,1,1,0,:),:),8,9,Nicaragua
93,93,6/2/2024 0:03:24,6/1/2024,0,1,0,0,0,No Gym,:(,4,8,Atlanta
94,94,6/2/2024 20:02:50,6/2/2024,1,1,1,0,0,:(,:/,10,10,Atlanta
95,95,6/3/2024 17:56:39,6/3/2024,1,1,1,0,0,:),:),8,10,Atlanta
96,96,6/5/2024 8:16:45,6/4/2024,1,1,1,0,0,:),:),8,9,Atlanta
97,97,6/5/2024 20:06:01,6/5/2024,1,1,1,0,0,:(,:),9,9,Atlanta
98,98,6/6/2024 20:53:55,6/6/2024,1,1,1,0,0,:/,:),8,8,Atlanta
99,99,6/7/2024 22:19:18,6/7/2024,1,1,1,1,1,:/,:),9,9,Atlanta
100,100,6/9/2024 9:24:25,6/8/2024,1,1,1,1,0,:/,:),8,8,Atlanta
101,101,6/9/2024 20:10:02,6/9/2024,1,1,1,0,1,:),:),9,9,Atlanta
102,102,6/11/2024 9:08:59,6/10/2024,1,1,1,0,0,:),:),9,10,Atlanta
103,103,6/11/2024 22:10:07,6/11/2024,1,1,1,0,0,:),:),9,10,Atlanta
104,104,6/12/2024 20:18:42,6/12/2024,1,1,1,1,0,:/,:),8,8,Atlanta
105,105,6/13/2024 20:01:25,6/13/2024,1,1,1,1,0,:/,:),9,10,Atlanta
106,106,6/14/2024 20:07:03,6/14/2024,1,1,1,0,1,:),:),9,9,Atlanta
107,107,6/15/2024 22:41:21,6/15/2024,2,1,1,1,0,:),:),9,10,Atlanta
108,108,6/17/2024 7:39:33,6/16/2024,1,1,1,0,1,:(,:(,6,8,Atlanta
109,109,6/17/2024 20:03:00,6/17/2024,2,1,1,0,0,:(,:/,10,7,Atlanta
110,110,6/18/2024 20:02:03,6/18/2024,1,1,1,1,0,:),:),8,9,Atlanta
111,111,6/19/2024 20:48:23,6/19/2024,1,1,1,1,1,:),:),7,10,Atlanta
112,112,6/21/2024 11:30:33,6/20/2024,2,1,1,1,0,:),:),9,9,Atlanta
113,113,6/22/2024 9:08:51,6/21/2024,1,1,1,1,1,:/,:),9,9,Atlanta
114,114,6/22/2024 20:49:11,6/22/2024,1,1,1,1,0,:/,:),10,10,Atlanta
115,115,6/23/2024 20:01:52,6/23/2024,1,1,1,0,1,:),:),8,9,Atlanta
116,116,6/24/2024 20:02:47,6/24/2024,1,1,1,0,0,No Gym,:/,7,9,Atlanta
117,117,6/25/2024 20:03:04,6/25/2024,2,1,1,0,0,:/,:),8,10,Atlanta
118,118,6/29/2024 13:13:45,6/26/2024,1,1,1,0,0,:/,:),7,7,Miami
119,119,6/29/2024 13:17:23,6/27/2024,0,1,1,0,0,No Gym,:/,6,8,Miami
120,120,6/29/2024 13:18:12,6/28/2024,0,1,0,0,0,No Gym,:),10,8,Miami
121,121,6/29/2024 22:28:14,6/29/2024,1,1,1,0,0,No Gym,:),8,8,Miami
122,122,7/1/2024 6:34:53,6/30/2024,1,1,1,0,0,No Gym,:/,7,7,Miami
123,123,7/1/2024 19:54:42,7/1/2024,0,1,0,0,0,No Gym,:(,8,6,Miami
124,124,7/2/2024 22:15:27,7/2/2024,1,0,1,0,0,No Gym,:),9,9,Miami
125,125,7/3/2024 21:12:10,7/3/2024,1,1,1,0,0,No Gym,:),7,8,Miami
126,126,7/4/2024 20:01:16,7/4/2024,1,1,1,0,0,No Gym,:),9,7,Miami
127,127,7/6/2024 10:01:59,7/5/2024,1,0,0,0,0,No Gym,:),9,8,Miami
128,128,7/6/2024 21:38:11,7/6/2024,1,1,1,1,1,:),:),9,8,Atlanta
129,129,7/8/2024 10:36:13,7/7/2024,1,1,1,1,0,:),:),10,10,Atlanta
130,130,7/8/2024 21:39:09,7/8/2024,1,1,1,0,0,:),:),9,10,Atlanta
131,131,7/9/2024 20:03:24,7/9/2024,1,1,1,0,0,:),:),9,10,Atlanta
132,132,7/10/2024 20:35:27,7/10/2024,1,1,1,0,0,:),:),9,10,Atlanta
133,133,7/11/2024 20:30:40,7/11/2024,1,1,1,0,0,:),:),9,10,Atlanta
134,134,7/13/2024 9:37:22,7/12/2024,1,1,1,1,1,:),:),9,9,Atlanta
135,135,7/14/2024 12:11:59,7/13/2024,1,1,1,1,0,:/,:),9,9,Atlanta
136,136,7/14/2024 21:29:05,7/14/2024,1,1,1,1,1,:),:),9,8,Atlanta
137,137,7/15/2024 19:41:08,7/15/2024,2,1,1,0,0,:),:/,9,8,Atlanta
138,138,7/16/2024 19:26:15,7/16/2024,1,1,1,0,0,:),:),8,9,Atlanta
139,139,7/17/2024 20:07:01,7/17/2024,1,1,1,0,0,:),:),9,9,Atlanta
140,140,7/19/2024 7:32:29,7/18/2024,2,1,1,0,0,:),:),9,9,Atlanta
141,141,7/19/2024 22:01:21,7/19/2024,1,1,1,1,0,:),:),9,10,Atlanta
142,142,7/21/2024 12:10:27,7/20/2024,1,0,1,0,1,:),:),9,9,Atlanta
143,143,7/21/2024 21:08:34,7/21/2024,1,1,1,1,0,:),:/,9,10,Atlanta
144,144,7/22/2024 20:09:54,7/22/2024,1,1,1,0,0,:(,:/,7,9,Atlanta
145,145,7/24/2024 7:32:43,7/23/2024,1,1,1,0,1,:),:/,7,9,Atlanta
146,146,7/25/2024 7:39:28,7/24/2024,1,0,1,0,1,:),:),9,10,Atlanta
147,147,7/25/2024 20:06:18,7/25/2024,1,1,1,0,0,:),:),8,10,Atlanta
148,148,7/26/2024 19:29:30,7/26/2024,1,1,1,1,1,:),:),9,9,Atlanta
149,149,7/28/2024 3:53:41,7/27/2024,0,1,1,1,0,No Gym,:),8,6,Nicaragua
150,150,7/29/2024 0:07:06,7/28/2024,1,1,0,0,0,No Gym,:/,6,5,Nicaragua
151,151,7/30/2024 1:28:27,7/29/2024,2,1,1,0,0,:/,:/,8,9,Nicaragua
152,152,7/31/2024 2:57:28,7/30/2024,2,0,1,0,0,:),:/,7,6,Nicaragua
153,153,7/31/2024 23:17:32,7/31/2024,2,1,1,0,0,No Gym,:/,7,7,Nicaragua
154,154,8/1/2024 23:31:38,8/1/2024,2,0,1,0,0,No Gym,:/,9,6,Nicaragua
155,155,8/3/2024 10:04:53,8/3/2024,2,0,1,0,0,:),:),8,9,Nicaragua
156,156,8/3/2024 22:32:42,8/3/2024,2,1,1,0,0,:),:(,9,9,Nicaragua
157,157,8/5/2024 14:38:09,8/4/2024,2,1,1,1,0,:),:),9,8,Nicaragua
158,158,8/5/2024 20:53:08,8/5/2024,1,0,0,1,0,No Gym,:),8,7,Nicaragua
159,159,8/7/2024 11:59:31,8/6/2024,2,1,1,0,0,:),:/,6,6,Nicaragua
160,160,8/7/2024 23:23:47,8/7/2024,1,1,1,0,0,:),:),9,8,Nicaragua
161,161,8/8/2024 20:18:03,8/8/2024,1,1,1,0,0,:),:),8,8,Nicaragua
162,162,8/9/2024 22:07:58,8/9/2024,1,1,1,0,0,:),:),9,8,Nicaragua
163,163,8/11/2024 23:05:43,8/10/2024,1,0,1,0,0,No Gym,:),8,9,Nicaragua
164,164,8/11/2024 23:06:15,8/11/2024,1,1,1,0,0,:),:),7,9,Nicaragua
165,165,8/13/2024 19:06:13,8/12/2024,1,1,1,1,0,:),:),9,8,Nicaragua
166,166,8/14/2024 13:10:24,8/13/2024,1,1,1,0,0,:),:),8,10,Nicaragua
167,167,8/15/2024 9:52:22,8/14/2024,1,1,1,0,0,:),:),8,6,Nicaragua
168,168,8/16/2024 16:00:05,8/15/2024,1,1,1,1,0,:/,:(,8,6,Nicaragua
169,169,8/16/2024 22:38:27,8/16/2024,1,1,1,0,0,:(,:),8,9,Nicaragua
170,170,8/18/2024 11:20:41,8/17/2024,1,1,1,0,0,No Gym,:),8,8,Nicaragua
171,171,8/19/2024 8:57:40,8/18/2024,1,1,1,0,0,No Gym,:/,8,10,Atlanta
172,172,8/20/2024 8:30:49,8/19/2024,0,1,1,0,0,No Gym,:(,8,8,Atlanta
173,173,8/20/2024 21:14:41,8/20/2024,1,1,1,0,0,:/,:/,10,10,Atlanta
174,174,8/21/2024 20:24:10,8/21/2024,1,1,1,0,0,:/,:),9,10,Atlanta
175,175,8/23/2024 10:08:52,8/22/2024,1,1,1,0,0,:),:),8,10,Atlanta
176,176,8/24/2024 14:51:31,8/23/2024,1,1,1,1,0,:/,:),10,10,Atlanta
177,177,8/25/2024 10:14:05,8/24/2024,1,1,1,1,1,:),:),9,10,Atlanta
178,178,8/26/2024 7:33:52,8/25/2024,1,1,1,0,0,:),:),10,10,Atlanta
179,179,8/27/2024 6:20:01,8/26/2024,1,1,1,0,0,:),:),8,10,Atlanta
180,180,8/28/2024 8:30:37,8/27/2024,1,1,1,0,0,:),:),8,10,Atlanta
181,181,8/29/2024 10:45:05,8/28/2024,1,1,1,0,0,:),:),9,10,Atlanta
182,182,8/30/2024 15:32:35,8/29/2024,1,1,1,0,1,:/,:),9,9,Atlanta
183,183,8/31/2024 13:42:46,8/30/2024,1,1,1,1,0,No Gym,:/,8,7,Atlanta
184,184,9/1/2024 9:24:13,8/31/2024,1,1,1,1,1,:),:),9,10,Atlanta
185,185,9/2/2024 9:57:04,9/1/2024,1,1,1,0,0,No Gym,:),8,10,Atlanta
186,186,9/2/2024 18:10:19,9/2/2024,1,1,1,0,0,:),:),9,9,Atlanta
187,187,9/4/2024 8:32:54,9/3/2024,1,1,1,0,0,:),:/,9,9,Atlanta
188,188,9/5/2024 7:41:22,9/4/2024,1,1,1,0,0,:),:),8,10,Atlanta
189,189,9/6/2024 11:06:45,9/5/2024,1,1,1,0,1,:),:),8,10,Atlanta
190,190,9/7/2024 12:34:08,9/6/2024,2,1,1,0,1,No Gym,:/,8,7,Atlanta
191,191,9/8/2024 9:30:24,9/7/2024,1,1,1,1,0,:),:),9,7,Atlanta
192,192,9/9/2024 15:10:41,9/8/2024,1,1,1,0,0,:),:),9,9,Atlanta
193,193,9/9/2024 20:12:20,9/9/2024,1,1,1,0,0,:),:),9,10,Atlanta
194,194,9/11/2024 9:36:01,9/10/2024,1,1,1,0,0,:/,:/,9,10,Atlanta
195,195,9/12/2024 8:22:18,9/11/2024,1,1,1,0,0,:),:),9,9,Atlanta
196,196,9/13/2024 8:38:48,9/12/2024,1,0,1,0,0,:/,:),8,10,Atlanta
197,197,9/14/2024 9:23:46,9/13/2024,1,1,1,0,1,:),:/,9,10,Atlanta
198,198,9/15/2024 10:49:55,9/14/2024,1,1,1,1,0,:),:),9,10,Atlanta
199,199,9/16/2024 7:47:17,9/15/2024,1,1,1,0,1,:),:/,9,10,Atlanta
200,200,9/16/2024 19:30:11,9/16/2024,1,1,1,0,0,:),:),9,9,Atlanta
201,201,9/17/2024 19:51:28,9/17/2024,1,1,1,0,0,:),:),9,9,Atlanta
202,202,9/19/2024 7:41:38,9/18/2024,2,1,1,0,0,:),:),9,10,Atlanta
203,203,9/20/2024 8:23:16,9/19/2024,2,1,1,0,1,:/,:/,6,7,Atlanta
204,204,9/21/2024 8:33:39,9/20/2024,1,1,1,0,1,:),:),9,7,Atlanta
205,205,9/22/2024 9:12:14,9/21/2024,1,1,1,0,1,:),:),9,9,Atlanta
206,206,9/23/2024 7:41:56,9/22/2024,1,1,1,0,0,:),:),9,9,Atlanta
207,207,9/24/2024 7:45:35,9/23/2024,1,1,1,0,0,:),:),8,9,Atlanta
208,208,9/24/2024 8:55:38,9/24/2024,1,1,1,0,0,:),:),9,9,Atlanta
209,209,9/26/2024 8:05:06,9/25/2024,1,1,1,0,1,:/,:),9,9,Atlanta
210,210,9/26/2024 20:10:57,9/26/2024,2,1,1,0,0,:),:/,8,10,Atlanta
211,211,9/27/2024 21:45:30,9/27/2024,1,0,1,1,0,No Gym,:/,7,7,Atlanta
212,212,9/28/2024 21:56:54,9/28/2024,1,1,1,1,0,:),:/,8,7,Atlanta
213,213,9/30/2024 8:47:21,9/29/2024,1,1,1,0,1,:),:),8,7,Atlanta
214,214,9/30/2024 16:19:45,9/30/2024,1,1,1,0,0,:(,:(,7,5,Atlanta
215,215,10/2/2024 12:15:10,10/1/2024,2,1,1,0,0,:(,:/,9,10,Atlanta
216,216,10/3/2024 7:35:03,10/2/2024,1,1,1,0,0,No Gym,:(,7,10,Atlanta
217,217,10/5/2024 10:25:25,10/4/2024,1,0,1,0,1,:(,:/,9,10,Atlanta
218,218,10/6/2024 8:51:16,10/5/2024,2,1,1,1,1,:),:),8,10,Atlanta
219,219,10/7/2024 9:52:59,10/6/2024,2,1,1,0,0,:/,:/,8,9,Atlanta
220,220,10/8/2024 7:55:03,10/7/2024,1,1,1,0,0,:),:),8,8,Atlanta
221,221,10/8/2024 19:07:47,10/8/2024,2,1,1,0,0,:/,:/,9,6,Atlanta
222,222,10/10/2024 8:18:15,10/9/2024,2,1,1,0,0,:),:),9,8,Atlanta
223,223,10/11/2024 8:27:42,10/10/2024,1,1,1,0,0,:),:),9,7,Atlanta
224,224,10/12/2024 9:16:49,10/11/2024,1,1,1,1,1,:/,:),9,9,Atlanta
225,225,10/13/2024 8:42:50,10/12/2024,2,1,1,1,0,:),:),9,9,Atlanta
226,226,10/14/2024 8:24:44,10/13/2024,1,0,1,0,1,:),:),8,9,Atlanta
227,227,10/15/2024 12:32:27,10/14/2024,1,1,1,0,0,:),:),8,9,Atlanta
228,228,10/16/2024 8:14:47,10/15/2024,1,1,1,0,0,:),:),9,6,Atlanta
229,229,10/17/2024 7:26:01,10/16/2024,1,1,1,0,0,:),:),9,10,Atlanta
230,230,10/18/2024 8:38:31,10/17/2024,1,1,1,0,0,:),:),8,9,Atlanta
231,231,10/19/2024 17:42:53,10/18/2024,2,1,1,0,1,:/,:/,7,9,Atlanta
232,232,10/20/2024 9:15:29,10/19/2024,1,1,1,0,1,:),:),9,9,Atlanta
233,233,10/21/2024 7:47:30,10/20/2024,1,1,1,0,0,:),:),9,8,Atlanta
234,234,10/22/2024 7:45:07,10/21/2024,1,1,1,0,0,:),:/,8,6,Atlanta
235,235,10/22/2024 20:51:55,10/22/2024,1,1,1,0,0,:),:),9,10,Atlanta
236,236,10/24/2024 9:08:58,10/23/2024,1,1,1,0,0,:/,:),9,10,Atlanta
237,237,10/25/2024 9:42:06,10/24/2024,1,1,1,0,1,:/,:),8,10,Atlanta
238,238,10/26/2024 9:23:15,10/25/2024,1,1,1,1,0,:/,:),9,9,Atlanta
239,239,10/27/2024 14:02:59,10/26/2024,1,1,1,0,1,:/,:/,7,9,Atlanta
240,240,10/28/2024 9:36:15,10/27/2024,2,1,1,0,0,:),:/,8,10,Atlanta
241,241,10/28/2024 19:28:43,10/28/2024,1,1,1,0,0,:),:),9,10,Atlanta
242,242,10/30/2024 8:05:07,10/29/2024,1,1,1,0,0,:),:),8,10,Atlanta
243,243,10/31/2024 8:02:12,10/30/2024,1,1,1,0,0,:/,:),9,10,Atlanta
244,244,10/31/2024 22:36:59,10/31/2024,2,0,1,0,0,:),:),9,7,Atlanta
245,245,11/2/2024 8:14:56,11/1/2024,2,1,1,0,1,:),:),8,9,Atlanta
246,246,11/3/2024 9:39:33,11/2/2024,1,1,1,1,0,:),:),8,8,Atlanta
247,247,11/3/2024 19:20:52,11/3/2024,1,1,1,0,0,No Gym,:(,8,5,Atlanta
248,248,11/5/2024 8:00:54,11/4/2024,1,1,1,0,0,:),:),9,9,Atlanta
249,249,11/6/2024 9:58:07,11/5/2024,1,1,1,0,0,:),:),8,10,Atlanta
250,250,11/7/2024 8:03:19,11/6/2024,1,1,1,0,0,:(,:/,9,9,Atlanta
251,251,11/8/2024 9:36:35,11/7/2024,2,1,1,0,0,:),:),8,9,Atlanta
252,252,11/9/2024 10:21:47,11/8/2024,2,1,1,0,1,:),:),8,9,Atlanta
253,253,11/9/2024 18:46:21,11/9/2024,1,1,1,1,0,:/,:),9,9,Atlanta
254,254,11/11/2024 10:12:33,11/10/2024,1,1,1,0,1,No Gym,:),8,9,Atlanta
255,255,11/12/2024 7:54:45,11/11/2024,1,1,1,0,0,:),:),9,10,Atlanta
256,256,11/13/2024 8:49:46,11/12/2024,1,1,1,0,0,:),:),8,10,Atlanta
257,257,11/14/2024 8:45:14,11/13/2024,1,1,1,0,0,:),:),9,10,Atlanta
258,258,11/15/2024 8:13:03,11/14/2024,1,1,1,0,0,:),:),8,10,Atlanta
259,259,11/16/2024 9:11:37,11/15/2024,1,1,1,0,1,:/,:/,8,8,Atlanta
260,260,11/17/2024 16:02:17,11/16/2024,1,1,0,1,0,:/,:),10,8,Atlanta
261,261,11/18/2024 8:10:28,11/17/2024,1,1,1,0,0,No Gym,:/,7,7,Atlanta
262,262,11/19/2024 7:31:21,11/18/2024,1,1,1,0,0,:),:),9,10,Atlanta
263,263,11/20/2024 9:21:04,11/19/2024,1,1,1,0,0,:),:/,8,9,Atlanta
264,264,11/20/2024 19:49:26,11/20/2024,1,1,1,0,0,:/,:),9,8,Atlanta
265,265,11/21/2024 17:10:02,11/21/2024,1,1,1,0,0,:),:),9,8,Atlanta
266,266,11/23/2024 9:26:59,11/22/2024,1,0,0,0,0,No Gym,:/,6,6,Nicaragua
267,267,11/24/2024 11:59:17,11/23/2024,2,1,1,1,0,:),:),10,7,Nicaragua
268,268,11/25/2024 12:11:36,11/24/2024,2,1,0,0,0,No Gym,:(,7,10,Nicaragua
269,269,11/26/2024 10:51:52,11/25/2024,1,1,1,0,0,:),:/,9,8,Nicaragua
270,270,11/27/2024 9:37:09,11/26/2024,1,1,1,1,0,:),:/,8,6,Nicaragua
271,271,11/27/2024 22:34:32,11/27/2024,2,0,0,0,0,:/,:(,8,8,Nicaragua
272,272,11/29/2024 10:24:29,11/28/2024,2,0,0,0,0,:/,:),8,7,Nicaragua
273,273,11/30/2024 12:24:16,11/29/2024,2,1,1,1,0,No Gym,:/,8,8,Nicaragua
274,274,12/1/2024 12:23:28,11/30/2024,2,0,0,0,0,No Gym,:/,8,8,Nicaragua
275,275,12/1/2024 18:58:24,12/1/2024,2,1,1,0,0,:),:/,8,9,Nicaragua
276,276,12/3/2024 11:27:23,12/2/2024,1,0,0,0,0,:/,:),8,9,Nicaragua
277,277,12/4/2024 10:32:54,12/3/2024,1,0,0,0,0,No Gym,:/,6,10,Atlanta
278,278,12/4/2024 18:50:43,12/4/2024,2,1,1,0,0,:),:),9,10,Atlanta
279,279,12/6/2024 13:43:24,12/5/2024,1,1,1,0,0,:),:),8,10,Atlanta
280,280,12/6/2024 16:40:10,12/6/2024,1,1,1,0,0,:),:),8,10,Atlanta
281,281,12/8/2024 8:30:54,12/7/2024,1,1,1,0,1,:),:),8,10,Atlanta
282,282,12/9/2024 9:21:12,12/8/2024,1,1,1,0,0,:),:),9,9,Atlanta
283,283,12/10/2024 8:44:18,12/9/2024,1,1,1,0,1,No Gym,:(,7,10,Atlanta
284,284,12/10/2024 19:20:00,12/10/2024,1,1,1,0,0,:),:),8,10,Atlanta
285,285,12/12/2024 14:31:03,12/11/2024,1,1,1,0,1,:(,:/,7,10,Atlanta
286,286,12/13/2024 23:31:21,12/12/2024,1,1,1,0,0,:),:),8,10,Atlanta
287,287,12/13/2024 23:31:51,12/13/2024,1,1,1,1,0,No Gym,:),8,8,Atlanta
288,288,12/15/2024 0:00:48,12/14/2024,1,1,1,1,0,No Gym,:/,6,7,Atlanta
289,289,12/16/2024 10:23:58,12/15/2024,2,1,1,0,0,:),:),8,8,Atlanta
290,290,12/17/2024 20:05:18,12/16/2024,1,1,1,0,1,:),:),9,10,Atlanta
291,291,12/17/2024 20:05:50,12/17/2024,1,1,1,0,0,:/,:/,9,10,Atlanta
292,292,12/19/2024 9:43:45,12/18/2024,1,1,1,0,0,:),:),9,9,Miami
293,293,12/20/2024 9:19:03,12/19/2024,1,1,1,0,0,:),:),8,10,Miami
294,294,12/21/2024 14:13:03,12/20/2024,2,1,1,0,1,No Gym,:/,7,10,Miami
295,295,12/22/2024 9:17:49,12/21/2024,1,1,1,0,0,:),:),8,10,Miami
296,296,12/24/2024 4:32:22,12/22/2024,2,1,1,0,0,:),:),8,10,Miami
297,297,12/24/2024 4:32:54,12/23/2024,2,0,1,0,0,:),:),9,10,Miami
298,298,12/25/2024 16:27:53,12/24/2024,2,0,1,1,0,:),:),9,9,Miami
299,299,12/26/2024 8:17:05,12/25/2024,2,0,1,0,0,No Gym,:),8,9,Miami
300,300,12/27/2024 8:11:03,12/26/2024,2,0,1,0,0,:/,:),8,9,Miami
301,301,12/28/2024 13:46:30,12/27/2024,2,0,0,0,0,:),:),9,9,Miami
302,302,12/29/2024 9:17:38,12/28/2024,1,0,1,1,0,No Gym,:),8,9,Nicaragua
303,303,12/30/2024 9:13:56,12/29/2024,2,0,1,0,0,No Gym,:),7,9,Nicaragua
304,304,12/31/2024 8:45:31,12/30/2024,2,0,1,1,0,No Gym,:),9,9,Nicaragua
305,305,1/1/2025 20:50:47,12/31/2024,2,0,1,1,0,No Gym,:),6,9,Nicaragua
306,306,1/4/2025 1:06:12,1/1/2025,0,0,1,0,0,No Gym,:(,8,7,Nicaragua
307,307,1/4/2025 1:07:25,1/2/2025,1,0,1,1,0,No Gym,:/,9,9,Nicaragua
308,308,1/4/2025 1:14:24,1/3/2025,2,0,0,1,0,No Gym,:),7,8,Nicaragua
309,309,1/5/2025 9:04:56,1/4/2025,2,1,1,0,0,No Gym,:/,8,6,Nicaragua
310,310,1/6/2025 8:43:43,1/5/2025,2,1,1,0,0,:/,:),9,9,Nicaragua
311,311,1/7/2025 8:59:32,1/6/2025,1,1,1,0,0,:),:),9,10,Nicaragua
312,312,1/8/2025 9:32:34,1/7/2025,1,1,1,0,0,:/,:),8,10,Nicaragua
313,313,1/9/2025 9:49:39,1/8/2025,1,1,1,1,0,No Gym,:),8,8,Nicaragua
314,314,1/9/2025 23:25:55,1/9/2025,2,0,0,0,0,:),:),9,9,Nicaragua
315,315,1/11/2025 12:43:51,1/10/2025,2,1,1,0,0,:),:),7,9,Nicaragua
316,316,1/12/2025 9:46:16,1/11/2025,1,1,1,0,0,:),:),9,8,Nicaragua
317,317,1/12/2025 20:11:00,1/12/2025,1,1,1,0,0,:),:),10,8,Nicaragua
318,318,1/13/2025 19:50:26,1/13/2025,1,1,1,0,0,:),:),9,7,Nicaragua
319,319,1/15/2025 10:57:59,1/14/2025,1,1,1,0,0,:),:),8,10,Nicaragua
320,320,1/15/2025 21:05:06,1/15/2025,2,1,1,0,0,:/,:),8,8,Nicaragua
321,321,1/17/2025 11:29:50,1/16/2025,1,1,1,0,0,No Gym,:/,8,8,Nicaragua
322,322,1/17/2025 22:13:26,1/17/2025,1,1,1,0,0,:/,:),7,7,Nicaragua
323,323,1/18/2025 22:58:51,1/18/2025,2,1,1,0,0,:),:),8,9,Nicaragua
324,324,1/20/2025 9:37:03,1/19/2025,2,1,1,0,0,:),:),8,7,Nicaragua
325,325,1/21/2025 9:15:48,1/20/2025,2,1,1,0,0,:/,:),8,8,Nicaragua
326,326,1/21/2025 21:24:59,1/21/2025,2,1,1,0,0,No Gym,:),8,6,Nicaragua
327,327,1/23/2025 9:20:11,1/22/2025,2,1,1,0,0,:(,:/,8,10,Nicaragua
328,328,1/24/2025 18:55:52,1/23/2025,0,1,1,0,0,No Gym,:(,8,9,Nicaragua
329,329,1/24/2025 19:00:18,1/24/2025,0,0,0,0,0,No Gym,:(,9,7,Atlanta
330,330,1/26/2025 9:30:30,1/25/2025,1,1,1,0,0,No Gym,:(,9,9,Atlanta
331,331,1/27/2025 8:19:27,1/26/2025,1,1,1,0,0,No Gym,:(,11,10,Atlanta
332,332,1/28/2025 9:26:01,1/27/2025,1,1,1,0,0,:(,:(,10,10,Atlanta
333,333,1/29/2025 8:40:41,1/28/2025,1,1,1,0,0,No Gym,:/,10,10,Atlanta
334,334,1/30/2025 9:24:19,1/29/2025,1,1,1,0,0,:/,:),9,7,Atlanta
335,335,1/30/2025 15:09:09,1/30/2025,1,1,1,0,0,:/,:),9,7,Atlanta
336,336,2/1/2025 9:44:41,1/31/2025,1,1,1,1,1,:/,:),9,7,Atlanta
337,337,2/2/2025 16:21:33,2/1/2025,1,1,0,1,0,No Gym,:),8,8,Atlanta
338,338,2/3/2025 9:17:37,2/2/2025,1,1,1,0,1,:),:),8,10,Atlanta
339,339,2/4/2025 13:32:49,2/3/2025,1,0,0,1,0,:),:),9,10,Atlanta
340,340,2/5/2025 8:56:13,2/4/2025,1,1,1,0,0,:),:),8,7,Atlanta
341,341,2/6/2025 8:01:43,2/5/2025,1,1,1,0,0,:/,:),9,8,Atlanta
342,342,2/7/2025 8:10:32,2/6/2025,1,1,1,0,0,:),:),9,8,Atlanta
343,343,2/8/2025 9:52:37,2/7/2025,1,1,1,1,0,:),:),9,8,Atlanta
344,344,2/9/2025 10:00:42,2/8/2025,1,1,1,0,1,:),:),9,9,Atlanta
345,345,2/10/2025 7:56:46,2/9/2025,1,1,1,1,0,No Gym,:/,9,8,Atlanta
346,346,2/11/2025 7:45:32,2/10/2025,1,1,1,0,1,:),:),8,9,Atlanta
347,347,2/12/2025 13:14:58,2/11/2025,2,1,1,0,0,:/,:/,8,7,Atlanta
348,348,2/13/2025 7:40:59,2/12/2025,1,1,1,0,0,:),:),9,10,Miami
349,349,2/13/2025 20:07:30,2/13/2025,1,1,1,0,0,:),:/,7,7,Miami
350,350,2/15/2025 10:50:16,2/14/2025,1,1,1,0,0,No Gym,:),9,8,Miami
351,351,2/16/2025 13:30:02,2/15/2025,1,1,1,0,0,:),:),8,9,Miami
352,352,2/16/2025 21:01:09,2/16/2025,1,1,1,0,0,No Gym,:),8,6,Miami
353,353,2/18/2025 14:42:24,2/17/2025,1,1,1,0,0,:),:),8,7,Miami
354,354,2/19/2025 8:05:25,2/18/2025,2,1,1,0,0,:),:),8,9,Miami
355,355,2/20/2025 11:55:23,2/19/2025,1,1,1,0,0,:(,:/,7,8,Miami
356,356,2/20/2025 19:03:06,2/20/2025,2,1,1,0,0,:),:),8,10,Miami
357,357,2/22/2025 8:45:43,2/21/2025,1,1,1,0,0,No Gym,:),9,9,Miami
358,358,2/22/2025 21:37:37,2/22/2025,1,1,1,0,0,:),:),9,8,Miami
359,359,2/24/2025 8:15:37,2/23/2025,1,1,1,0,0,:),:),9,8,Miami
360,360,2/25/2025 8:54:38,2/24/2025,1,1,1,0,0,:),:),8,10,Miami
361,361,2/26/2025 10:32:01,2/25/2025,2,1,1,0,0,:/,:),9,10,Miami
362,362,2/27/2025 11:32:26,2/26/2025,1,1,1,0,0,No Gym,:),8,7,Miami
363,363,2/28/2025 17:49:04,2/27/2025,1,1,1,1,0,:),:/,7,9,Miami
364,364,2/28/2025 22:33:53,2/28/2025,1,1,1,1,0,No Gym,:),7,5,Miami
365,365,3/2/2025 13:00:50,3/1/2025,1,1,1,0,0,No Gym,:),9,6,Miami
366,366,3/2/2025 19:21:02,3/2/2025,2,1,1,0,0,:),:),8,8,Miami
367,367,3/4/2025 12:45:37,3/3/2025,1,1,1,0,0,:),:/,8,6,Miami
368,368,3/5/2025 12:16:48,3/4/2025,1,1,1,0,0,:/,:),8,10,Atlanta
369,369,3/6/2025 8:03:59,3/5/2025,1,1,1,0,0,:),:),9,10,Atlanta
370,370,3/7/2025 9:42:05,3/6/2025,1,1,1,0,0,:),:),9,10,Atlanta
371,371,3/8/2025 13:12:25,3/7/2025,1,1,1,1,0,:),:),9,9,Atlanta
372,372,3/9/2025 10:10:22,3/8/2025,1,1,1,0,1,No Gym,:/,7,9,Atlanta
373,373,3/10/2025 8:13:50,3/9/2025,1,1,1,0,0,:),:),8,10,Atlanta
374,374,3/11/2025 7:50:47,3/10/2025,2,1,1,0,0,:),:),8,9,Atlanta
375,375,3/11/2025 19:58:36,3/11/2025,1,1,1,0,0,:),:),7,10,Atlanta
376,376,3/12/2025 19:30:34,3/12/2025,1,1,1,0,1,:),:),9,10,Atlanta
377,377,3/14/2025 8:04:41,3/13/2025,1,1,1,1,0,:),:),9,10,Atlanta
378,378,3/15/2025 8:23:28,3/14/2025,1,1,1,1,0,:),:),8,9,Atlanta
379,379,3/16/2025 9:44:27,3/15/2025,1,1,1,1,0,:),:),8,10,Atlanta
380,380,3/17/2025 8:13:53,3/16/2025,1,1,1,0,0,:),:),9,8,Atlanta
381,381,3/18/2025 10:10:44,3/17/2025,1,1,1,0,0,:/,:/,7,8,Atlanta
382,382,3/19/2025 8:37:42,3/18/2025,1,1,1,0,0,:),:),9,10,Atlanta
383,383,3/20/2025 10:14:48,3/19/2025,1,1,1,0,0,:),:),9,9,Atlanta
384,384,3/21/2025 8:04:18,3/20/2025,1,1,1,0,0,:/,:),9,8,Atlanta
385,385,3/22/2025 9:33:51,3/21/2025,1,1,1,1,0,:),:),9,7,Atlanta
386,386,3/29/2025 10:03:49,3/22/2025,1,1,1,0,0,:/,:/,7,8,Atlanta
387,387,3/23/2025 20:08:14,3/23/2025,1,1,1,0,0,:/,:/,8,8,Atlanta
388,388,3/25/2025 7:48:55,3/24/2025,1,1,1,0,0,:/,:/,8,7,Atlanta
389,389,3/25/2025 19:27:33,3/25/2025,1,1,1,0,0,:),:),9,10,Atlanta
390,390,3/26/2025 19:07:41,3/26/2025,1,1,1,0,0,No Gym,:/,7,8,Atlanta
391,391,3/28/2025 8:10:31,3/27/2025,1,1,1,0,0,:),:),8,9,Atlanta
392,392,3/29/2025 9:59:27,3/28/2025,1,1,1,0,0,:/,:/,8,7,Atlanta
393,393,3/31/2025 8:55:15,3/29/2025,1,1,1,1,0,:),:),9,10,Atlanta
394,394,3/31/2025 8:55:48,3/31/2025,1,1,1,0,0,No Gym,:/,8,9,Atlanta
395,395,4/1/2025 8:45:09,3/31/2025,1,1,1,1,0,:),:),9,8,Atlanta
396,396,4/2/2025 8:12:06,4/1/2025,1,1,1,0,0,:),:),8,8,Atlanta
397,397,4/3/2025 17:47:13,4/2/2025,1,1,1,0,0,:/,:),9,8,Atlanta
398,398,4/4/2025 10:32:15,4/3/2025,1,1,1,0,0,:/,:/,9,8,Atlanta
399,399,4/5/2025 9:44:59,4/4/2025,1,1,1,0,0,:(,:/,8,10,Atlanta
400,400,4/6/2025 9:34:20,4/5/2025,1,1,1,1,0,:),:),8,8,Atlanta
401,401,4/7/2025 12:51:23,4/6/2025,1,1,1,0,0,No Gym,:/,9,10,Atlanta
402,402,4/8/2025 8:44:02,4/7/2025,1,1,1,0,0,:),:),9,10,Atlanta
403,403,4/8/2025 15:38:15,4/8/2025,1,1,1,0,0,:),:),9,10,Atlanta
404,404,4/10/2025 8:38:11,4/9/2025,1,1,1,0,1,:),:),8,10,Atlanta
405,405,4/11/2025 10:20:30,4/10/2025,1,1,1,0,0,No Gym,:),8,10,Miami
406,406,4/12/2025 17:12:04,4/11/2025,1,1,1,0,0,No Gym,:/,7,10,Miami
407,407,4/14/2025 10:09:24,4/12/2025,1,1,1,0,0,:),:),8,10,Miami
408,408,4/14/2025 10:10:21,4/13/2025,1,1,1,0,0,:),:),8,10,Miami
409,409,4/15/2025 9:36:26,4/14/2025,1,0,1,0,0,:),:),9,10,Nicaragua
410,410,4/16/2025 8:11:03,4/15/2025,1,1,1,0,0,:),:),9,10,Nicaragua
411,411,4/16/2025 17:25:33,4/16/2025,1,1,1,0,0,:),:),8,10,Nicaragua
412,412,4/18/2025 14:52:36,4/17/2025,1,1,1,0,0,:/,:),8,10,Nicaragua
413,413,4/19/2025 16:18:38,4/18/2025,1,1,1,0,0,No Gym,:),8,10,Nicaragua
414,414,4/20/2025 9:41:33,4/19/2025,1,1,1,0,0,:),:),8,10,Nicaragua
415,415,4/21/2025 9:38:43,4/20/2025,1,1,1,0,0,:),:),9,10,Nicaragua
416,416,4/22/2025 8:46:36,4/21/2025,1,0,0,0,0,:/,:/,8,8,Nicaragua
417,417,4/23/2025 9:24:12,4/22/2025,1,1,1,1,0,:),:),8,9,Nicaragua
418,418,4/24/2025 9:22:32,4/23/2025,1,1,1,1,0,No Gym,:),8,8,Nicaragua
419,419,4/25/2025 16:13:25,4/24/2025,2,1,1,0,0,:),:/,6,8,Nicaragua
420,420,4/26/2025 0:41:59,4/25/2025,2,1,1,0,0,:),:),7,10,Nicaragua
421,421,4/27/2025 17:04:58,4/26/2025,1,1,1,1,0,:),:),8,9,Nicaragua
422,422,4/28/2025 8:58:51,4/27/2025,1,1,1,0,0,No Gym,:/,6,10,Nicaragua
423,423,4/29/2025 8:44:37,4/28/2025,2,1,1,0,0,:),:),8,8,Nicaragua
424,424,4/30/2025 7:55:29,4/29/2025,1,1,1,1,0,:),:/,7,8,Nicaragua
425,425,5/1/2025 10:38:06,4/30/2025,1,1,1,0,1,:/,:),8,8,Nicaragua
426,426,5/2/2025 9:07:10,5/1/2025,1,1,1,1,0,:),:),9,8,Nicaragua
427,427,5/3/2025 12:19:23,5/2/2025,1,1,1,1,0,:),:),8,9,Nicaragua
428,428,5/4/2025 15:35:12,5/3/2025,1,1,1,0,0,No Gym,:/,5,10,Atlanta
429,429,5/6/2025 8:06:15,5/4/2025,1,1,1,0,0,No Gym,:),9,10,Atlanta
430,430,5/6/2025 8:07:16,5/5/2025,2,1,1,0,0,:/,:/,10,10,Atlanta
431,431,5/6/2025 20:59:15,5/6/2025,2,1,1,0,0,:/,:/,9,10,Atlanta
432,432,5/8/2025 18:38:54,5/7/2025,2,1,1,0,0,:),:/,9,10,Atlanta
433,433,5/10/2025 15:13:22,5/8/2025,2,0,0,0,0,:),:/,9,10,Atlanta
434,434,5/10/2025 15:13:58,5/9/2025,1,1,1,1,0,:),:),9,10,Atlanta
435,435,5/11/2025 21:36:45,5/10/2025,1,1,1,1,1,:(,:),9,9,Atlanta
436,436,5/11/2025 21:37:16,5/11/2025,2,1,1,0,0,:),:),9,9,Atlanta
437,437,5/12/2025 19:15:36,5/12/2025,1,1,1,1,0,:),:),8,10,Atlanta
438,438,5/15/2025 15:08:39,5/13/2025,1,1,1,0,0,:),:),9,10,Atlanta
439,439,5/15/2025 15:09:15,5/14/2025,1,1,1,1,0,:(,:),9,9,Atlanta
440,440,5/16/2025 7:56:39,5/15/2025,1,1,1,0,0,No Gym,:),8,7,Atlanta
441,441,5/18/2025 9:57:12,5/16/2025,1,1,1,0,0,No Gym,:),9,7,Atlanta
442,442,5/18/2025 9:57:42,5/17/2025,2,1,1,0,1,:),:/,8,8,Atlanta
443,443,5/19/2025 21:18:53,5/18/2025,1,1,1,1,0,:),:),9,9,Atlanta
444,444,5/19/2025 21:19:28,5/19/2025,1,1,1,0,0,:),:),8,9,Atlanta
445,445,5/21/2025 8:47:41,5/20/2025,1,1,1,0,0,:),:),9,7,Atlanta
446,446,5/22/2025 14:25:03,5/21/2025,1,1,1,0,0,:/,:),9,9,Atlanta
447,447,5/23/2025 9:36:01,5/22/2025,1,1,1,0,0,:),:),9,9,Atlanta
448,448,5/25/2025 11:02:18,5/23/2025,1,1,1,0,0,No Gym,:),9,9,Atlanta
449,449,5/25/2025 11:03:29,5/24/2025,1,1,0,0,1,No Gym,:),8,8,Miami
450,450,5/27/2025 10:01:54,5/26/2025,1,1,1,0,0,No Gym,:/,6,10,Atlanta
451,451,5/29/2025 8:07:41,5/27/2025,1,0,0,0,0,:),:),9,10,Atlanta
452,452,5/29/2025 8:08:07,5/28/2025,1,1,1,0,0,:),:),9,10,Atlanta
453,453,5/30/2025 8:29:01,5/29/2025,1,1,1,1,0,:),:),9,10,Atlanta
454,454,6/2/2025 19:16:07,5/30/2025,1,1,1,1,0,:),:),8,9,Atlanta
455,455,6/2/2025 19:16:49,5/31/2025,1,1,1,0,1,:/,:/,8,10,Atlanta
456,456,6/2/2025 19:17:52,6/1/2025,1,1,1,1,1,:),:),8,9,Atlanta
457,457,6/6/2025 9:27:27,6/2/2025,1,1,1,0,0,:/,:),8,8,Atlanta
458,458,6/6/2025 9:27:49,6/3/2025,1,1,1,0,0,:),:),9,9,Atlanta
459,459,,6/4/2025,1,1,1,0,1,:),:),9,9,Atlanta
460,460,,6/5/2025,1,1,1,0,0,:),:),9,9,Atlanta
461,461,,6/6/2025,1,1,1,1,0,No Gym,:),8,9,Atlanta
462,462,6/9/2025 8:42:50,6/7/2025,1,0,0,1,1,:),:),8,8,Atlanta
463,463,6/9/2025 8:43:13,6/8/2025,1,1,1,0,0,:),:),8,7,Atlanta
464,464,6/12/2025 8:18:24,6/9/2025,1,1,1,0,0,:),:),9,10,Atlanta
465,465,6/12/2025 8:18:59,6/10/2025,1,1,1,0,1,:),:),9,9,Atlanta
466,466,6/12/2025 8:19:21,6/11/2025,1,1,1,1,0,No Gym,:),8,9,Atlanta
467,467,6/13/2025 12:15:15,6/12/2025,1,1,1,0,0,:),:),8,7,Atlanta
468,468,6/16/2025 8:31:33,6/13/2025,1,1,1,1,1,:/,:),9,7,Atlanta
469,469,6/16/2025 8:32:49,6/14/2025,1,1,1,1,1,:/,:),9,10,Atlanta
470,470,6/16/2025 8:33:18,6/15/2025,2,1,1,0,0,:),:),9,10,Atlanta
471,471,6/18/2025 8:23:49,6/16/2025,2,1,1,0,0,:),:),9,10,Atlanta
472,472,6/18/2025 8:25:22,6/17/2025,1,1,1,0,0,:),:),9,10,Atlanta
473,473,6/19/2025 11:28:36,6/18/2025,1,1,1,0,1,:),:),8,10,Atlanta
474,474,6/20/2025 9:29:33,6/19/2025,1,1,1,0,0,:),:),8,10,Atlanta
475,475,6/21/2025 9:54:44,6/20/2025,2,1,1,0,0,:),:/,7,8,Atlanta
476,476,6/22/2025 20:23:50,6/21/2025,1,1,1,0,0,:(,:),8,10,Atlanta
477,477,6/23/2025 8:26:28,6/22/2025,2,1,1,0,0,:),:),8,10,Atlanta
478,478,6/24/2025 9:11:47,6/23/2025,1,1,1,0,0,No Gym,:(,6,8,Atlanta
479,479,6/25/2025 9:21:54,6/24/2025,1,1,1,0,0,:),:),9,10,Atlanta
480,480,6/26/2025 8:24:18,6/25/2025,1,1,1,0,0,:),:/,8,10,Atlanta
481,481,6/27/2025 9:31:03,6/26/2025,1,1,1,0,0,:),:),9,10,Atlanta
482,482,6/30/2025 9:57:48,6/27/2025,1,1,1,1,0,:),:),8,9,Atlanta
483,483,6/30/2025 9:58:16,6/28/2025,1,1,1,0,1,:),:),7,8,Atlanta
484,484,6/30/2025 9:58:45,6/29/2025,1,1,1,1,0,No Gym,:),8,9,Atlanta
485,485,7/1/2025 8:49:52,6/30/2025,1,1,1,1,0,No Gym,:/,7,7,Atlanta
486,486,7/2/2025 8:40:10,7/1/2025,1,1,1,0,0,:),:),9,10,Atlanta
487,487,7/3/2025 13:59:37,7/2/2025,1,1,1,0,0,:),:),9,10,Atlanta
488,488,7/4/2025 8:11:42,7/3/2025,1,1,1,0,1,No Gym,:),9,9,Atlanta
489,489,7/6/2025 9:43:45,7/4/2025,1,1,1,1,0,:),:),9,9,Atlanta
490,490,7/6/2025 9:44:08,7/5/2025,1,1,1,0,1,:/,:/,9,9,Atlanta
491,491,7/7/2025 10:50:04,7/6/2025,1,1,1,0,0,:/,:),8,10,Atlanta
492,492,7/8/2025 8:40:52,7/7/2025,1,1,1,0,0,:),:/,7,9,Atlanta
493,493,7/9/2025 18:54:33,7/8/2025,1,0,0,0,0,:),:/,7,10,Atlanta
494,494,7/10/2025 11:02:11,7/9/2025,1,1,1,0,0,No Gym,:/,9,7,Atlanta
495,495,7/11/2025 8:37:12,7/10/2025,1,1,1,0,1,:),:/,8,10,Atlanta
496,496,7/13/2025 11:14:12,7/11/2025,1,0,0,1,0,No Gym,:),9,8,Atlanta
497,497,7/13/2025 11:15:01,7/12/2025,1,1,1,0,1,:),:),8,8,Atlanta
498,498,7/14/2025 8:52:41,7/13/2025,1,1,1,0,1,:),:),9,10,Atlanta
499,499,7/15/2025 15:25:12,7/14/2025,1,1,1,0,0,:),:),7,8,Atlanta
500,500,7/16/2025 10:06:41,7/15/2025,2,1,1,0,0,No Gym,:/,7,8,Miami
501,501,7/17/2025 8:33:34,7/16/2025,1,1,1,0,0,:(,:),8,10,Atlanta
502,502,7/18/2025 9:06:43,7/17/2025,1,1,1,0,0,No Gym,:),9,10,Atlanta
503,503,7/21/2025 12:01:59,7/18/2025,1,1,1,0,0,No Gym,:),7,10,Atlanta
504,504,7/21/2025 12:03:09,7/19/2025,1,1,1,0,0,No Gym,:(,8,10,Atlanta
505,505,7/21/2025 12:03:36,7/20/2025,1,1,1,0,0,No Gym,:(,8,9,Atlanta
506,506,7/22/2025 8:20:47,7/21/2025,0,1,0,0,0,No Gym,:(,8,8,Atlanta
507,507,7/23/2025 9:04:48,7/22/2025,1,1,1,0,0,No Gym,:(,9,10,Atlanta
508,508,7/24/2025 9:38:32,7/23/2025,1,1,1,0,0,:/,:(,8,10,Atlanta
509,509,7/28/2025 8:25:09,7/24/2025,0,1,1,0,0,No Gym,:(,9,10,Atlanta
510,510,7/28/2025 8:26:00,7/25/2025,1,1,1,0,1,No Gym,:/,8,9,Atlanta
511,511,7/28/2025 8:27:35,7/26/2025,1,1,1,1,1,No Gym,:),8,9,Atlanta
512,512,7/28/2025 8:28:31,7/27/2025,1,1,1,0,0,No Gym,:/,10,10,Atlanta
513,513,7/29/2025 8:20:11,7/28/2025,1,0,0,0,0,:),:),9,10,Atlanta
514,514,7/30/2025 9:04:27,7/29/2025,1,1,1,0,0,:),:),9,10,Atlanta
515,515,7/31/2025 9:59:16,7/30/2025,1,1,1,0,0,:),:),9,10,Atlanta
516,516,8/11/2025 18:40:17,7/31/2025,1,1,1,0,0,:),:),8,9,Atlanta
517,517,8/11/2025 18:41:04,8/1/2025,0,0,0,0,0,No Gym,:(,7,8,Nicaragua
518,518,8/11/2025 18:41:54,8/2/2025,1,0,0,1,0,:),:),9,9,Nicaragua
519,519,8/11/2025 18:42:26,8/3/2025,1,0,0,0,0,No Gym,:/,6,6,Nicaragua
520,520,8/11/2025 18:43:03,8/4/2025,1,0,0,0,0,:),:),9,9,Nicaragua
521,521,8/11/2025 18:44:12,8/5/2025,1,0,0,0,0,:),:),7,7,Nicaragua
522,522,8/11/2025 18:45:54,8/7/2025,1,0,0,0,0,No Gym,:),7,8,Miami
523,523,8/11/2025 18:46:38,8/8/2025,1,1,0,0,0,No Gym,:),5,8,Miami
524,524,8/11/2025 18:47:04,8/9/2025,1,0,0,0,0,No Gym,:),8,9,Miami
525,525,8/11/2025 18:49:47,8/10/2025,1,1,0,0,0,No Gym,:),7,6,Miami
526,526,8/11/2025 18:50:34,8/11/2025,1,1,1,0,0,No Gym,:/,8,6,Atlanta
527,527,8/14/2025 10:18:49,8/12/2025,1,1,1,0,0,:/,:),10,9,Atlanta
528,528,8/14/2025 10:19:22,8/13/2025,1,1,1,0,0,:),:),9,9,Atlanta
529,529,8/17/2025 9:38:43,8/14/2025,1,1,1,0,1,:),:),9,9,Atlanta
530,530,8/17/2025 9:39:14,8/15/2025,1,1,1,1,1,:),:),9,9,Atlanta
531,531,8/17/2025 9:39:55,8/16/2025,1,1,1,1,0,:/,:),9,8,Atlanta
532,532,8/18/2025 8:06:57,8/17/2025,1,1,1,0,1,No Gym,:),10,7,Atlanta
533,533,8/19/2025 8:15:39,8/18/2025,1,1,1,0,0,:/,:),9,8,Atlanta
534,534,8/20/2025 8:00:47,8/19/2025,1,1,1,0,0,:),:),8,9,Atlanta
535,535,8/21/2025 7:47:31,8/20/2025,1,1,1,1,0,:),:),7,8,Atlanta
536,536,8/22/2025 8:06:10,8/21/2025,1,1,1,1,0,:/,:),8,8,Atlanta
537,537,8/23/2025 10:43:33,8/22/2025,1,1,1,1,1,:/,:),8,9,Atlanta
538,538,8/23/2025 23:02:30,8/23/2025,1,1,1,1,0,:),:),9,8,Atlanta
539,539,8/25/2025 10:55:51,8/24/2025,2,1,1,1,0,No Gym,:),7,8,Atlanta
540,540,8/26/2025 7:44:44,8/25/2025,1,1,1,0,0,No Gym,:),8,8,Atlanta
541,541,8/29/2025 10:54:40,8/26/2025,1,1,1,0,0,No Gym,:),6,8,Atlanta
542,542,8/29/2025 10:56:21,8/27/2025,2,1,1,0,0,:/,:),7,8,Atlanta
543,543,8/29/2025 10:56:55,8/28/2025,1,1,1,1,0,No Gym,:),8,8,Atlanta
544,544,8/30/2025 19:42:19,8/29/2025,1,1,1,0,0,No Gym,:),8,8,Atlanta
545,545,9/2/2025 9:53:40,8/30/2025,1,1,1,1,0,No Gym,:/,8,6,Atlanta
546,546,9/2/2025 9:54:31,9/1/2025,1,1,1,0,0,No Gym,:),9,6,Atlanta
547,547,9/3/2025 14:15:21,9/2/2025,1,1,1,0,0,No Gym,:/,8,9,Atlanta
548,548,9/4/2025 10:50:59,9/3/2025,1,1,1,0,1,:/,:),9,9,Atlanta
549,549,9/5/2025 9:43:34,9/4/2025,1,1,1,0,0,:(,:/,9,6,Atlanta
550,550,9/8/2025 16:00:17,9/5/2025,1,1,1,0,1,No Gym,:),9,8,Atlanta
551,551,9/8/2025 16:01:54,9/6/2025,1,1,1,0,0,:/,:),9,8,Atlanta
552,552,9/8/2025 16:02:31,9/7/2025,1,1,1,0,1,:),:),9,9,Atlanta
553,553,9/9/2025 9:47:19,9/8/2025,1,1,1,0,0,:/,:),9,9,Atlanta
554,554,9/10/2025 7:58:04,9/9/2025,1,1,1,0,1,:),:),9,8,Atlanta
555,555,9/11/2025 14:30:05,9/10/2025,1,1,1,0,0,:),:),9,9,Atlanta
556,556,9/12/2025 9:42:54,9/11/2025,1,1,1,0,0,:),:),9,10,Atlanta
557,557,9/15/2025 10:04:28,9/12/2025,1,1,1,0,0,:),:),8,8,Atlanta
558,558,9/15/2025 10:05:05,9/13/2025,1,0,0,1,0,No Gym,:),7,6,Other
559,559,9/15/2025 10:06:23,9/14/2025,1,0,0,0,0,No Gym,:),8,6,Other
560,560,9/16/2025 10:23:40,9/15/2025,1,0,0,0,0,:/,:),8,7,Other
561,561,9/17/2025 9:03:21,9/16/2025,2,1,1,0,0,:),:),8,10,Atlanta
562,562,9/18/2025 9:39:45,9/17/2025,2,1,1,0,0,:),:),8,10,Atlanta
563,563,9/19/2025 10:17:33,9/18/2025,1,1,1,0,0,:),:),9,10,Atlanta
564,564,9/20/2025 14:39:22,9/19/2025,1,0,0,0,1,:),:),9,8,Atlanta
565,565,9/21/2025 9:57:07,9/20/2025,1,1,1,1,1,:(,:/,9,8,Atlanta
566,566,9/22/2025 9:21:35,9/21/2025,1,1,1,0,1,:(,:),9,8,Atlanta
567,567,9/23/2025 14:26:25,9/22/2025,1,1,1,0,0,:),:),7,9,Atlanta
568,568,9/24/2025 9:08:41,9/23/2025,1,0,0,0,0,:/,:/,8,10,Atlanta
569,569,9/25/2025 14:22:58,9/24/2025,1,1,1,0,0,:),:),8,9,Atlanta
570,570,9/26/2025 10:06:01,9/25/2025,2,1,1,0,0,:),:),7,8,Atlanta
571,571,9/27/2025 10:14:59,9/26/2025,1,1,1,0,1,:),:),8,7,Atlanta
572,572,9/28/2025 13:33:12,9/27/2025,1,1,1,0,1,:/,:/,8,6,Atlanta
573,573,9/29/2025 10:12:20,9/28/2025,1,1,1,0,0,:),:),9,9,Atlanta
574,574,9/30/2025 9:15:54,9/29/2025,1,1,1,0,0,:),:),9,9,Atlanta
575,575,10/1/2025 17:45:23,9/30/2025,1,1,1,0,1,:),:),8,9,Atlanta
576,576,10/2/2025 9:42:29,10/1/2025,1,1,1,0,0,:),:),8,7,Atlanta
577,577,10/3/2025 10:20:24,10/2/2025,1,1,1,0,0,:),:),9,8,Atlanta
578,578,10/4/2025 17:22:40,10/3/2025,1,1,1,1,0,No Gym,:),7,6,Atlanta
579,579,10/6/2025 9:52:53,10/4/2025,2,1,1,1,0,No Gym,:/,7,7,Atlanta
580,580,10/6/2025 10:03:44,10/5/2025,1,0,0,0,1,No Gym,:/,7,6,Atlanta
581,581,10/7/2025 7:49:31,10/6/2025,1,1,1,0,0,:/,:),11,9,Atlanta
582,582,10/8/2025 16:00:49,10/7/2025,1,1,1,0,0,:),:),8,9,Atlanta
583,583,10/9/2025 9:53:57,10/8/2025,1,1,1,0,0,:),:),9,9,Atlanta
584,584,10/10/2025 8:36:03,10/9/2025,1,1,1,1,0,:),:),9,9,Atlanta
585,585,10/13/2025 8:23:05,10/10/2025,1,1,1,0,1,:/,:),8,9,Atlanta
586,586,10/13/2025 8:24:29,10/11/2025,2,1,1,1,0,:),:),8,8,Atlanta
587,587,10/13/2025 8:25:19,10/12/2025,1,1,1,1,1,:),:),9,7,Atlanta
588,588,10/14/2025 11:14:52,10/13/2025,1,1,1,0,0,:),:),9,9,Atlanta
589,589,10/15/2025 9:25:07,10/14/2025,1,1,1,1,0,:/,:/,8,8,Atlanta
590,590,10/16/2025 9:55:41,10/15/2025,1,1,1,0,0,:(,:),8,6,Atlanta
591,591,10/17/2025 9:01:13,10/16/2025,1,1,1,0,0,:),:),9,7,Atlanta
592,592,10/19/2025 9:59:43,10/17/2025,1,1,1,1,0,:(,:/,9,7,Atlanta
593,593,10/19/2025 10:00:22,10/18/2025,1,1,1,0,1,:(,:),8,7,Atlanta
594,594,10/20/2025 9:27:30,10/19/2025,1,1,1,1,0,:),:),9,9,Atlanta
595,595,10/21/2025 9:27:35,10/20/2025,1,1,1,1,0,:),:),7,9,Atlanta
596,596,10/22/2025 14:32:09,10/21/2025,1,1,1,0,0,:),:),8,7,Atlanta
597,597,10/23/2025 9:04:01,10/22/2025,1,1,1,0,0,:),:),9,9,Atlanta
598,598,10/25/2025 10:36:33,10/23/2025,1,1,1,1,1,:/,:),8,9,Atlanta
599,599,,10/24/2025,1,1,1,1,1,:),:),9,9,Atlanta
600,600,10/27/2025 13:33:01,10/25/2025,1,1,1,0,1,:),:),9,8,Atlanta
601,601,10/27/2025 13:33:49,10/26/2025,1,1,1,0,1,No Gym,:),9,8,Atlanta
602,602,10/28/2025 8:17:04,10/27/2025,1,1,1,0,0,:/,:),8,9,Atlanta
603,603,10/29/2025 8:38:51,10/28/2025,1,0,0,0,0,No Gym,:/,9,8,Atlanta
604,604,10/30/2025 8:54:57,10/29/2025,1,1,1,0,0,:(,:),9,9,Atlanta
605,605,10/31/2025 9:28:41,10/30/2025,1,1,1,0,0,No Gym,:/,8,8,Atlanta
606,606,11/1/2025 11:14:05,10/31/2025,1,1,1,1,1,:),:/,8,9,Atlanta
607,607,11/2/2025 9:44:49,11/1/2025,1,0,0,0,1,No Gym,:(,9,9,Atlanta
608,608,11/3/2025 8:16:35,11/2/2025,1,1,1,1,0,No Gym,:),8,9,Atlanta
609,609,11/3/2025 18:44:27,11/3/2025,1,1,1,0,0,No Gym,:(,7,6,Atlanta
610,610,11/5/2025 16:23:01,11/4/2025,1,1,1,0,0,:),:),9,9,Atlanta
611,611,11/5/2025 16:41:00,11/5/2025,1,1,1,0,0,:),:),8,10,Atlanta
612,612,11/8/2025 10:17:19,11/6/2025,1,1,1,1,0,:/,:),8,9,Atlanta
613,613,11/8/2025 10:18:37,11/7/2025,1,1,1,0,1,:),:),8,8,Atlanta
614,614,11/10/2025 9:33:15,11/8/2025,1,1,1,0,1,:),:),7,8,Atlanta
615,615,11/10/2025 9:34:02,11/10/2025,1,1,1,1,0,:),:),9,7,Atlanta
616,616,11/10/2025 19:43:08,11/10/2025,1,1,1,0,0,:),:),8,8,Atlanta
617,617,11/12/2025 10:29:43,11/11/2025,1,1,1,1,0,:/,:),7,9,Atlanta
618,618,11/13/2025 9:38:56,11/12/2025,1,1,1,0,0,:/,:),8,8,Atlanta
619,619,11/14/2025 12:07:50,11/13/2025,1,1,1,0,0,:/,:),9,8,Atlanta
620,620,11/16/2025 10:24:06,11/14/2025,1,1,1,0,1,:(,:),9,7,Atlanta
621,621,11/16/2025 10:24:40,11/15/2025,1,1,1,1,0,:),:),9,6,Atlanta
622,622,11/17/2025 9:23:34,11/16/2025,1,1,1,0,1,:),:),8,9,Atlanta
623,623,11/18/2025 8:39:33,11/17/2025,2,1,1,0,0,:),:),9,8,Atlanta
624,624,11/19/2025 9:56:13,11/18/2025,1,1,1,0,0,:/,:),8,8,Atlanta
625,625,11/20/2025 9:23:05,11/19/2025,1,1,1,0,0,:),:),9,8,Atlanta
626,626,11/21/2025 13:28:33,11/20/2025,1,1,1,1,1,:),:),9,8,Atlanta
627,627,11/23/2025 15:40:36,11/21/2025,1,1,1,0,0,:),:),9,9,Atlanta
628,628,11/23/2025 15:41:24,11/22/2025,2,0,0,0,0,No Gym,:),7,7,California
629,629,11/24/2025 11:07:39,11/23/2025,1,0,0,0,0,No Gym,:),8,6,California
630,630,11/24/2025 23:19:54,11/24/2025,2,0,0,0,1,:/,:),9,7,California
631,631,11/26/2025 0:58:46,11/25/2025,1,0,0,1,0,No Gym,:),9,7,California
632,632,11/27/2025 15:12:09,11/26/2025,1,0,0,1,0,No Gym,:),9,6,California
633,633,11/28/2025 17:05:50,11/27/2025,2,1,0,0,0,No Gym,:),9,6,California
634,634,12/1/2025 9:17:00,11/28/2025,1,1,1,0,0,No Gym,:/,8,7,California
635,635,12/1/2025 9:18:56,11/29/2025,1,0,0,0,0,No Gym,:),9,8,California
636,636,12/1/2025 9:20:12,11/30/2025,1,1,1,0,1,No Gym,:),8,8,Atlanta
637,637,12/2/2025 9:32:14,12/1/2025,1,1,1,0,0,:),:/,9,9,Atlanta
638,638,12/3/2025 9:36:05,12/2/2025,2,1,1,0,0,:),:/,7,10,Atlanta
639,639,12/4/2025 10:56:53,12/3/2025,1,1,1,1,0,No Gym,:/,8,10,Atlanta
640,640,12/5/2025 9:47:56,12/4/2025,1,1,1,0,0,:/,:/,9,8,Atlanta
641,641,12/6/2025 11:31:07,12/5/2025,1,1,1,0,1,:),:/,7,8,Atlanta
642,642,12/7/2025 9:38:22,12/6/2025,1,0,0,0,1,:),:),8,7,Atlanta
643,643,12/8/2025 10:38:41,12/7/2025,1,1,1,0,0,No Gym,:),9,8,Atlanta
644,644,12/9/2025 10:18:14,12/8/2025,1,1,1,0,0,:),:),9,8,Atlanta
645,645,12/10/2025 9:51:35,12/9/2025,1,1,1,0,0,No Gym,:/,6,9,Atlanta
646,646,12/11/2025 8:01:08,12/10/2025,1,1,1,0,0,:/,:/,7,9,Atlanta
647,647,12/12/2025 13:40:09,12/11/2025,1,1,1,0,0,No Gym,:(,7,8,Atlanta
648,648,12/14/2025 11:11:17,12/12/2025,1,1,1,1,0,:/,:),9,7,Atlanta
649,649,12/14/2025 11:11:37,12/13/2025,1,1,1,1,0,No Gym,:),8,8,Atlanta
650,650,12/15/2025 7:27:23,12/14/2025,1,1,1,0,0,No Gym,:),9,8,Atlanta
651,651,12/16/2025 19:50:34,12/15/2025,1,1,1,0,0,:/,:),9,7,Atlanta
652,652,12/16/2025 19:51:03,12/16/2025,1,1,1,0,0,:/,:),8,7,Atlanta
653,653,12/18/2025 12:53:36,12/17/2025,1,1,1,0,0,:),:),9,7,Atlanta
654,654,12/19/2025 17:20:10,12/18/2025,2,1,1,0,1,:/,:),8,9,Atlanta
655,655,12/21/2025 11:28:33,12/19/2025,1,1,1,1,0,:),:),7,8,Atlanta
656,656,12/21/2025 11:28:55,12/20/2025,1,1,1,0,1,No Gym,:),9,8,Atlanta
657,657,12/23/2025 9:53:37,12/21/2025,1,1,1,0,0,:),:),10,8,Atlanta
658,658,12/23/2025 9:54:09,12/22/2025,1,1,1,0,0,No Gym,:),7,8,Atlanta
659,659,12/24/2025 13:11:08,12/23/2025,2,1,1,0,0,No Gym,:/,8,7,Atlanta
660,660,12/27/2025 11:18:33,12/24/2025,2,1,1,1,0,:),:),8,7,Atlanta
661,661,12/27/2025 11:19:18,12/25/2025,1,1,1,0,0,:/,:),7,7,Atlanta
662,662,12/27/2025 11:19:55,12/26/2025,1,1,1,0,0,No Gym,:),8,7,Other
663,663,12/28/2025 10:12:51,12/27/2025,1,0,0,0,0,No Gym,:),9,6,Other
664,664,12/29/2025 9:34:01,12/28/2025,1,0,0,0,0,No Gym,:),7,5,Other
665,665,12/30/2025 9:43:42,12/29/2025,1,0,0,0,0,No Gym,:),9,5,Other
666,666,12/31/2025 13:27:08,12/30/2025,1,0,0,0,0,No Gym,:/,9,6,Other
667,667,1/1/2026 14:56:06,12/31/2025,1,0,0,0,0,No Gym,:(,8,7,Other
668,668,1/3/2026 16:14:39,1/1/2026,1,0,0,0,0,No Gym,:/,9,6,Other
669,669,1/3/2026 16:15:21,1/2/2026,1,0,0,0,0,No Gym,:),9,7,Other
670,670,1/5/2026 10:16:33,1/3/2026,1,0,0,1,0,No Gym,:/,7,7,Atlanta
671,671,1/5/2026 10:16:59,1/4/2026,1,1,1,0,0,:/,:),10,7,Atlanta
672,672,1/6/2026 10:15:24,1/5/2026,1,1,1,0,0,:/,:/,8,7,Atlanta
673,673,1/7/2026 11:13:14,1/6/2026,1,1,1,1,0,:),:),9,7,Atlanta
674,674,1/8/2026 10:38:47,1/7/2026,1,1,1,0,0,:),:),9,7,Atlanta
675,675,1/9/2026 10:39:20,1/8/2026,1,1,1,1,0,:),:),9,7,Atlanta
676,676,1/10/2026 16:49:11,1/9/2026,1,1,1,1,1,:/,:),8,7,Atlanta
677,677,1/11/2026 13:46:34,1/10/2026,1,1,1,0,1,No Gym,:),9,6,Atlanta
678,678,1/12/2026 8:55:26,1/11/2026,1,1,1,1,0,:/,:),9,7,Atlanta
679,679,1/12/2026 17:12:44,1/12/2026,1,1,1,0,0,:(,:/,7,7,Atlanta
680,680,1/13/2026 14:37:17,1/13/2026,1,0,0,0,0,No Gym,:/,4,7,Other
681,681,1/16/2026 7:08:36,1/14/2026,1,1,1,0,0,:),:),9,6,Other
682,682,1/16/2026 7:09:02,1/15/2026,1,1,1,0,0,No Gym,:/,7,7,Other
683,683,1/18/2026 14:12:56,1/16/2026,1,1,1,0,0,:),:),10,8,Other
684,684,1/18/2026 14:13:47,1/17/2026,1,1,1,0,0,:),:/,8,8,Other
685,685,1/19/2026 13:14:57,1/18/2026,1,1,0,0,0,No Gym,:/,7,8,Other
686,686,1/19/2026 13:15:43,1/19/2026,1,1,1,0,0,No Gym,:),7,9,Other
687,687,1/23/2026 10:44:28,1/20/2026,1,1,1,0,0,:/,:),9,8,Other
688,688,1/23/2026 10:45:44,1/21/2026,1,1,1,0,0,:/,:/,8,7,Other
689,689,1/23/2026 10:46:28,1/22/2026,1,1,1,0,0,No Gym,:(,7,6,Other
690,690,1/25/2026 10:23:53,1/23/2026,1,1,1,0,1,:),:),10,8,Atlanta
691,691,1/25/2026 10:25:08,1/24/2026,1,1,1,0,1,No Gym,:/,8,7,Atlanta
